KATEGORI,NAMA BARANG,STOK,HARGA (IDR),TERAKHIR DIPERBARUI
JOKI BLOX FRUIT,Joki Level 30,15,50000,2026-09-25
JOKI BLOX FRUIT,Joki Level 50,8,120000,2026-09-25
JOKI BLOX FRUIT,Joki Level 100,3,350000,2026-09-25
JOKI FISCH,Joki Fisch Level 30,12,45000,2026-09-25
JOKI FISCH,Joki Fisch Level 50,6,95000,2026-09-25
KEBUTUHAN BLOX FRUIT,Diamond 70,25,75000,2026-09-25
KEBUTUHAN BLOX FRUIT,Diamond 280,18,220000,2026-09-25
KEBUTUHAN FISCH,Fisch Coins 50K,40,5000,2026-09-25
KEBUTUHAN FISCH,Fisch Coins 250K,22,18000,2026-09-25
